,AtBat,Runs,CHits,CWalks,Errors,Hits,Years,CRBI,League,HmRun,CAtBat,Division,RBI,CHmRun,CRuns
 -BillyJo Robidoux,181,15,50,45,5,41,2,NA,A,1,232,E,21,4,20
 -Cory Snyder,416,58,113,16,10,113,1,69,NA,24,416,E,69,24,58
 -Cal Ripken,627,98,927,313,13,177,6,472,A,25,3210,E,81,133,529
 -Doug Baker,24,1,28,9,0,3,3,NA,A,NA,159,W,0,0,20
 -Rance Mulliniks,348,50,614,269,6,90,10,273,A,11,2288,E,45,43,295
 -Jesse Barfield,589,107,634,238,3,170,6,376,A,40,2325,E,108,128,371
 -Mike Scioscia,374,36,519,288,15,94,NA,199,N,5,1968,W,26,26,181
 -Don Baylor,585,93,1982,727,0,139,17,1179,A,31,7546,E,94,315,1141
 -Eddie Murray,495,61,1679,709,13,151,10,1015,A,17,5624,E,84,275,884
 -Tom Brunansky,593,69,686,321,6,152,6,384,A,23,2765,W,75,133,369
 -Rob Deer,466,75,142,102,8,108,3,109,A,33,652,E,86,44,102
 -Mike Diaz,209,22,58,19,3,56,2,37,N,12,216,E,36,12,24
 -Darrell Porter,155,21,1338,875,1,41,16,NA,A,12,5409,W,29,181,746
 -Mike Kingery,209,25,54,12,3,54,1,14,A,3,209,W,14,3,25
 -Mike Marshall,330,47,516,161,6,77,6,288,N,19,1928,W,53,90,247
 -Luis Rivera,166,20,34,17,9,34,1,13,N,0,166,E,13,0,20
 -Tim Wallach,480,50,771,239,16,112,7,406,N,18,3031,E,71,110,338
 -John Kruk,278,33,86,45,2,86,1,38,NA,4,278,W,38,4,33
 -Buddy Bell,568,89,2273,732,10,158,15,993,N,20,8068,W,75,177,1045
 -Leon Durham,484,66,844,377,7,127,7,458,N,20,3006,E,65,116,436
 -Bob Horner,517,70,994,337,8,141,9,652,N,27,3571,W,87,215,545
 -Graig Nettles,354,36,2172,1057,16,77,20,1267,N,16,8716,W,55,384,1172
 -Terry Kennedy,19,2,4,1,8,4,1,3,N,1,19,W,3,1,2
 -Mike Fitzgerald,209,20,209,92,3,59,4,106,N,6,884,E,37,14,66
 -Julio Franco,599,80,715,158,18,183,5,326,A,10,2482,E,74,27,330
 -Larry Herndon,283,33,1222,307,2,70,12,483,A,8,4479,E,37,94,557
 -Steve Buechele,461,54,160,49,11,112,2,75,A,18,680,W,54,24,76
 -Greg Brock,325,33,351,214,3,76,5,219,N,16,1506,W,52,71,195
 -Kal Daniels,181,34,58,22,3,58,1,23,N,6,181,W,23,6,34
 -Bobby Grich,313,42,1833,1087,7,84,17,864,A,NA,6890,W,30,224,1033
 -Hal McRae,278,22,2081,643,0,70,18,1088,A,7,7186,W,37,190,935
 -Steve Sax,633,91,872,274,16,210,6,230,N,6,3070,W,56,19,420
 -Willie Upshaw,573,85,857,332,12,144,8,420,A,9,3198,E,60,97,470
 -Nick Esasky,330,35,326,167,5,76,4,198,N,12,1367,W,41,55,167
 -Kevin Mitchell,328,51,94,33,8,91,2,44,N,12,342,E,43,12,51
 -Bill Madlock,379,38,1906,571,24,106,14,803,N,10,6207,W,60,146,859
 -Curt Ford,214,30,59,27,3,53,2,32,N,2,226,E,29,2,32
 -Johnny Ray,579,67,880,218,5,174,6,337,N,7,3053,E,78,32,366
 -Darryl Motley,227,23,324,67,2,46,NA,158,A,7,1325,W,20,44,156
 -Dann Bilardello,191,12,163,52,8,37,4,74,N,4,773,E,17,16,61
 -Tony Armas,16,1,4,0,8,2,2,0,A,0,28,E,0,0,1
 -Reggie Jackson,419,65,2510,1342,0,101,20,1659,A,18,9528,W,58,548,1509
 -Tony Pena,510,56,821,174,18,147,7,340,N,10,2872,E,52,63,307
 -Joe Orsulak,401,60,238,55,4,100,4,44,N,2,876,E,19,2,126
 -Mike Easler,490,64,1000,301,0,148,13,491,A,14,3400,E,78,113,445
 -Jim Rice,618,98,2163,564,8,200,13,1289,A,20,7127,E,110,351,1104
 -Tim Hulett,520,53,227,52,11,120,4,80,A,17,NA,W,44,22,106
 -Andy VanSlyke,418,48,392,203,7,113,4,204,N,13,NA,E,61,41,205
 -Rick Cerone,216,22,665,198,4,56,12,304,A,4,2796,E,18,43,266
 -Al Newman,185,23,42,24,7,37,2,9,N,1,214,E,8,1,30
 -Davey Lopes,255,49,1661,820,8,70,15,608,N,7,6311,E,35,154,1019
 -Tom Foley,263,26,220,86,4,70,4,82,N,1,888,E,23,9,83
 -Rick Manning,205,31,1323,459,2,52,12,445,A,8,5134,E,27,56,643
 -Steve Lombardozzi,453,53,123,58,6,103,2,39,A,8,507,W,33,8,63
 -Tony Perez,200,14,2732,925,7,51,23,1652,N,2,9778,W,29,379,1272
 -Glenn Braggs,215,19,51,11,12,51,1,18,A,NA,215,E,18,4,19
 -Wally Backman,387,67,506,194,17,124,7,125,N,1,1775,E,27,6,272
 -Mike Young,369,43,323,157,6,93,5,177,A,9,1258,E,42,54,181
 -Bruce Bochte,407,57,1478,653,9,104,12,658,A,6,5233,W,43,100,643
 -Dwayne Murphy,329,50,948,635,2,83,9,528,A,NA,3828,W,39,145,575
 -Phil Bradley,526,88,470,174,1,163,4,167,A,12,1556,W,50,38,245
 -Tom Brookens,281,42,657,179,7,NA,8,300,A,3,2658,E,25,48,324
 -Dave Winfield,565,90,2083,791,5,148,14,1234,A,24,7287,E,104,305,1135
 -Reggie Williams,303,35,87,23,3,NA,2,32,N,4,312,W,32,4,39
 -Candy Maldonado,405,49,231,64,3,102,6,138,N,18,950,W,85,29,99
 -Bob Kearney,204,23,308,66,5,49,7,132,A,6,1309,W,25,27,126
 -Randy Bush,357,50,344,136,4,96,5,192,A,7,1394,W,45,43,178
 -Jeffrey Leonard,341,48,808,221,5,95,10,428,N,6,2964,W,42,81,379
 -Hubie Brooks,306,50,822,187,15,104,7,377,N,14,2954,E,58,55,313
 -Mariano Duncan,407,47,230,68,25,93,2,69,N,8,969,W,30,14,121
 -Juan Samuel,NA,90,541,91,25,157,4,226,N,16,2020,E,78,52,310
 -Dave Parker,637,89,2024,495,9,174,14,1093,N,31,6727,W,116,247,978
 -Mark Salas,258,28,170,36,8,60,3,75,A,8,638,W,33,17,80
 -Andy Allanson,293,30,66,14,20,66,1,29,NA,1,293,E,29,1,30
 -Darryl Strawberry,475,76,471,267,6,123,4,343,N,27,1810,E,93,NA,292
 -Ron Cey,256,42,1845,990,8,70,16,1128,N,13,7058,E,36,312,965
 -Wayne Krenchicki,221,21,283,106,6,53,8,124,N,2,1063,E,23,15,107
 -Joe Carter,663,108,404,68,6,200,4,222,A,29,1447,E,121,57,210
 -Gary Gaetti,596,NA,728,224,21,171,6,401,A,34,2862,W,108,107,361
 -Dickie Thon,278,24,565,162,10,69,8,192,N,3,2079,W,21,32,258
 -Donnie Hill,339,37,290,55,9,96,4,108,A,4,1064,W,29,11,123
 -Tim Raines,580,91,1028,469,6,194,8,314,N,9,3372,NA,62,48,604
 -Bill Schroeder,217,32,160,32,1,46,4,76,A,7,694,E,19,32,86
 -Mike Brown,243,18,228,76,3,53,4,110,N,4,853,E,26,23,101
 -Mitch Webster,576,89,232,79,8,167,4,83,N,8,822,E,49,19,132
 -Ron Roenicke,275,42,NA,172,2,68,6,104,N,5,961,E,42,16,128
 -Kevin Bass,591,83,462,82,5,184,5,195,N,20,1689,W,79,40,219
 -Lee Lacy,491,77,1240,340,2,141,15,430,A,11,4291,E,47,84,615
 -Alex Trevino,202,31,467,161,11,53,9,186,N,4,1876,W,26,15,192
 -Mickey Tettleton,211,26,116,78,8,43,3,55,A,10,498,W,35,14,59
 -Pete Incaviglia,540,82,135,55,14,135,1,88,A,30,540,W,88,30,82
 -Terry Puhl,172,17,1150,406,0,42,10,363,N,3,4086,W,14,57,579
 -Chili Davis,526,71,715,289,9,146,6,342,N,13,2648,W,70,77,352
 -Vince Coleman,600,94,309,110,9,139,2,69,N,0,1236,E,29,1,201
 -Argenis Salazar,298,24,108,12,9,73,3,37,A,0,509,W,24,0,41
 -Carney Lansford,591,80,1307,319,4,168,9,563,A,19,4478,W,72,113,634
 -Jorge Orta,336,35,1610,497,0,93,15,741,A,9,5779,W,46,128,730
 -Darnell Coles,521,67,205,78,23,142,4,103,A,20,815,E,86,22,99
 -John Cangelosi,438,65,103,71,9,103,2,32,NA,2,440,W,32,2,67
 -Brian Downing,513,90,1382,784,3,137,14,734,A,20,5201,W,95,166,763
 -Andres Thomas,323,26,86,8,19,81,2,34,N,6,341,W,32,6,32
 -Len Matuszek,199,26,191,87,5,52,6,119,N,9,805,W,28,30,113
 -Rick Dempsey,327,42,939,466,7,68,18,380,A,13,3949,E,29,78,438
 -Fred Lynn,397,67,1632,NA,4,114,13,926,NA,23,5589,E,67,241,906
 -Gary Ward,380,54,900,240,1,120,8,419,A,5,3118,W,51,92,444
 -Joel Skinner,315,23,108,28,3,73,4,46,A,5,450,W,37,6,38
 -Billy Sample,200,23,684,195,1,57,9,230,N,6,2516,W,14,46,371
 -Bobby Bonilla,426,55,109,62,2,109,1,43,NA,3,426,W,43,3,55
 -Gary Matthews,370,49,NA,921,9,96,15,955,N,21,6986,E,46,231,1070
 -Jim Morrison,537,58,730,174,20,147,10,351,N,23,2744,E,88,97,302
 -Bill Russell,216,21,1926,483,5,54,18,627,N,0,7318,W,18,46,796
 -Ernest Riles,524,69,260,90,20,132,2,92,A,9,972,E,47,14,123
 -Wayne Tolleson,475,61,433,146,7,126,6,93,A,3,1700,W,43,7,217
 -George Hendrick,283,45,1910,546,NA,77,16,1067,A,14,6840,W,47,259,915
 -Ricky Jones,33,2,6,7,4,6,1,4,A,0,33,W,4,0,2
 -Tony Gwynn,642,107,770,193,4,211,5,230,N,14,2364,W,59,27,352
 -Kirby Puckett,680,119,587,91,6,223,3,201,A,31,1928,W,96,35,262
 -Glenn Wilson,584,70,636,134,4,158,5,316,N,15,2358,E,84,58,265
 -Will Clark,408,66,117,34,11,117,1,41,N,11,408,W,41,11,66
-Tom O'Malley,181,19,238,104,9,46,5,95,NA,1,937,NA,18,9,88
 -Jerry Mumphrey,309,37,1330,436,3,94,13,522,N,5,4618,E,32,57,616
 -Larry Parrish,464,67,1552,452,0,128,13,840,A,28,5829,W,94,210,740
 -Enos Cabell,277,27,1647,259,5,71,15,596,N,2,5952,W,29,60,753
 -Marvell Wynne,288,34,408,113,3,76,NA,120,N,7,1644,W,37,16,198
 -Wally Joyner,593,82,172,57,NA,172,1,100,A,22,593,W,100,22,82
 -Tony Bernazard,562,88,841,373,17,169,8,342,A,17,3181,E,73,NA,450
 -Chris Brown,416,57,273,80,18,132,3,121,N,7,932,W,49,24,113
 -Chris Speier,155,21,1634,777,3,44,16,661,N,6,6631,E,23,98,698
 -Sid Bream,522,73,185,86,17,140,4,106,N,16,730,E,77,22,93
 -Ben Oglivie,346,31,1615,560,0,98,16,901,A,5,5913,E,53,235,784
 -Howard Johnson,220,30,299,128,20,54,5,154,N,NA,1185,E,39,40,145
 -Dave Collins,419,44,1231,422,1,113,12,344,A,1,NA,E,27,32,612
 -Ozzie Smith,NA,67,1169,528,15,144,9,374,N,0,4739,E,54,13,583
 -Carmen Castillo,205,34,192,51,4,57,5,NA,A,8,756,E,32,32,117
 -George Bell,641,101,610,117,10,198,5,319,A,31,2129,E,108,92,297
 -Omar Moreno,359,46,1257,387,5,84,12,386,N,4,4992,W,27,37,699
 -Johnny Grubb,210,32,1130,551,0,70,15,462,A,13,4040,E,51,97,544
 -Rudy Law,307,42,656,184,2,80,7,NA,A,1,2421,W,36,18,379
 -Mike Schmidt,20,0,9,4,6,NA,2,7,N,0,41,E,0,2,6
 -Bip Roberts,241,34,61,14,10,61,1,12,N,1,241,W,12,1,34
 -Kurt Stillwell,279,31,64,30,16,64,1,26,N,0,279,W,26,0,31
 -Alan Wiggins,239,30,510,207,6,60,6,103,A,0,1941,E,11,4,309
 -Alfredo Griffin,594,74,1133,194,25,169,11,336,A,4,4408,W,51,19,501
 -Ozzie Guillen,547,58,271,24,22,137,2,80,A,2,1038,W,47,3,129
 -Dale Murphy,614,89,1388,617,6,163,11,822,N,29,5017,W,83,NA,813
 -Bob Brenly,472,60,489,240,3,116,6,251,N,16,1924,W,62,67,242
 -Ray Knight,486,51,1102,284,16,145,11,497,N,11,3967,E,76,67,410
 -Bobby Meacham,161,19,244,107,12,36,NA,86,A,0,1053,E,10,3,156
 -Kent Hrbek,550,85,815,319,10,147,6,474,A,29,2816,W,91,117,405
 -Bob Dernier,324,32,NA,180,3,73,7,108,N,4,1931,E,18,13,291
 -Dan Gladden,351,55,NA,117,3,97,4,110,N,4,1258,W,29,16,196
 -Don Mattingly,677,117,737,171,6,238,5,401,A,31,2223,E,113,93,349
 -Alvin Davis,479,66,457,263,14,130,3,266,A,18,1624,W,72,63,224
 -Bill Doran,550,92,633,NA,16,152,5,182,N,6,2308,W,37,32,349
 -Ron Oester,523,52,895,296,19,135,9,284,N,8,3368,W,44,39,377
 -Rafael Santana,394,38,267,76,NA,86,4,71,N,1,1089,E,28,3,94
 -Ken Phelps,344,69,214,187,0,85,7,156,A,24,911,W,64,64,150
 -Craig Reynolds,313,32,968,170,7,78,12,321,N,6,3742,W,41,35,409
 -Spike Owen,528,67,403,155,17,122,4,146,A,1,1716,W,45,12,211
 -Toby Harrah,289,36,1954,1153,7,63,17,919,A,7,7402,W,41,195,1115
 -Gary Pettis,539,93,369,198,7,139,5,126,A,5,1469,W,58,12,247
 -Jim Traber,212,28,59,20,5,54,2,46,A,13,233,E,44,13,31
 -Jeff Stone,249,32,209,44,2,69,4,48,N,6,702,E,19,10,97
 -Kevin McReynolds,560,89,470,155,8,161,4,260,N,26,1789,W,96,65,233
 -Tommy Herr,559,48,874,359,9,141,8,349,N,2,3162,E,61,16,421
 -Juan Beniquez,NA,48,1193,325,13,103,15,421,A,6,4338,E,36,70,581
 -Darrell Evans,507,78,1947,1380,2,122,18,1152,A,29,7761,E,85,347,1175
 -Steve Jeltz,439,44,148,99,22,96,4,56,NA,0,711,E,36,1,68
 -Ryne Sandberg,627,68,902,242,5,178,6,345,N,14,3146,E,76,74,494
 -Garth Iorg,327,30,568,93,12,85,8,208,A,3,2140,E,44,16,216
 -Jerry Hairston,225,32,408,257,0,61,11,185,A,5,1568,W,26,25,202
 -Tony Fernandez,687,91,448,89,13,213,4,137,A,10,1518,E,65,15,196
 -George Brett,441,70,2095,695,16,128,14,1050,A,16,6675,W,73,209,1072
 -Mike Heath,288,30,698,189,10,65,9,325,N,8,2815,E,36,55,315
 -Robby Thompson,549,73,149,42,17,149,1,47,N,7,549,W,47,7,73
 -Pete Rose,237,15,4256,1566,6,52,24,1314,N,0,14053,W,25,160,NA
 -Willie Randolph,492,76,1511,875,20,136,12,451,A,5,5511,E,50,39,897
 -Gary Carter,490,81,1646,680,8,125,13,999,N,24,6063,E,105,NA,847
 -Jim Dwyer,160,18,543,298,0,39,14,268,A,8,2128,E,31,56,304
 -Milt Thompson,299,38,160,44,2,NA,3,33,N,6,580,E,23,8,71
 -Tim Teufel,279,35,355,158,9,69,4,148,N,4,1359,E,31,31,180
 -Len Dykstra,431,77,187,88,3,127,2,64,N,8,667,E,45,9,117
 -Frank White,566,76,1583,300,10,154,14,693,A,22,6100,W,84,131,743
 -Willie Wilson,631,77,1457,249,3,170,11,357,A,9,4908,W,44,30,775
 -Rey Quinones,312,32,68,24,15,68,1,22,A,2,312,E,22,2,32
 -Steve Garvey,557,58,2583,478,7,142,18,1299,NA,21,8759,W,81,271,1138
 -Vance Law,360,37,566,246,3,81,7,257,N,5,2268,E,44,41,279
 -Terry Pendleton,578,56,357,87,20,138,3,161,N,1,1399,E,59,7,149
 -Garry Templeton,510,42,1578,256,20,126,11,519,N,2,5562,W,44,44,703
 -Jim Sundberg,429,41,1397,644,4,91,13,579,A,12,5590,W,42,83,578
 -Oddibe McDowell,572,105,249,101,3,152,2,91,A,18,978,W,49,36,168
 -Mike Pagliarulo,504,71,259,114,19,120,3,167,A,28,1085,E,71,54,150
 -Barry Bonds,413,72,92,65,5,92,1,48,N,16,413,E,48,16,72
 -Steve Balboni,512,54,412,155,18,NA,6,276,A,29,1750,W,88,100,204
 -Eric Davis,415,97,184,99,7,115,3,119,N,27,711,W,71,45,156
 -Jim Gantner,497,58,1066,241,10,136,11,367,A,7,3871,E,38,40,450
 -Harry Spilman,143,18,151,61,1,39,9,97,N,5,639,W,30,16,80
 -Danny Tartabull,511,76,164,71,8,138,3,110,A,25,592,W,96,28,87
 -Andres Galarraga,321,39,101,33,4,87,2,46,N,10,396,E,42,12,48
 -Gary Redus,340,62,376,219,4,84,5,141,N,11,1516,E,33,42,284
 -Andre Dawson,496,65,1575,354,3,141,11,838,N,20,5628,E,78,225,828
 -Alan Trammell,574,107,1300,488,22,159,10,504,A,21,4631,E,75,90,702
 -Ted Simmons,127,14,2402,819,6,32,19,NA,N,4,8396,W,25,242,1048
 -Alan Ashby,315,24,835,375,10,81,14,414,N,7,3449,W,38,69,321
 -Andre Thornton,401,49,1332,866,0,92,13,890,A,17,5206,E,66,253,784
 -Brook Jacoby,583,83,452,136,25,168,5,208,A,17,1646,E,80,44,219
 -Glenn Hubbard,408,42,866,410,19,94,9,365,N,4,3573,W,36,59,429
 -Damaso Garcia,424,57,1046,112,8,119,9,301,A,6,3651,E,46,32,461
 -Keith Hernandez,551,94,1840,917,5,171,13,900,N,13,6090,E,83,128,969
 -Ruben Sierra,382,50,101,22,6,101,1,55,A,16,382,W,55,16,50
 -Charlie Moore,235,24,1029,333,4,61,14,401,A,3,3926,E,39,35,441
 -Doug DeCinces,512,69,1397,548,12,131,14,815,A,26,5347,W,96,221,712
 -Ed Romero,233,41,336,106,10,49,8,122,A,2,1350,E,23,7,166
 -Terry Harper,265,26,339,128,3,68,7,163,N,8,1337,W,30,32,135
 -Lou Whitaker,584,95,1320,576,11,157,10,522,A,20,4704,E,73,93,724
 -Dave Kingman,561,70,1575,608,8,118,16,1210,A,35,6677,W,94,442,901
 -Ken Oberkfell,503,62,970,414,8,136,10,303,N,5,3423,W,48,20,408
 -Ken Griffey,490,69,1839,600,3,150,14,707,A,21,6126,E,58,121,983
 -Ozzie Virgil,359,45,359,175,13,80,7,202,N,15,1493,W,48,61,176
 -John Russell,315,35,151,55,13,76,3,94,N,13,630,E,60,24,68
 -Jack Clark,232,34,1213,625,3,55,12,705,N,9,4405,E,23,194,702
 -Ronn Reynolds,126,8,49,14,9,27,4,13,N,3,239,E,10,3,16
 -Rob Wilfong,288,25,667,204,7,63,10,259,A,3,2682,W,33,38,315
 -Tito Landrum,NA,24,219,71,1,43,7,99,N,2,854,E,17,12,105
 -Rich Gedman,462,49,583,150,6,119,7,288,A,16,2131,E,65,69,244
 -Lloyd Moseby,589,89,928,351,6,149,7,471,A,21,3558,E,86,102,513
 -Tom Paciorek,213,17,1145,244,4,61,17,491,A,4,4061,W,22,83,488
 -Floyd Rayford,210,15,244,53,15,37,6,114,A,8,994,E,19,36,107
 -Ken Landreaux,283,34,1062,283,7,74,10,456,N,4,3919,W,29,85,505
 -Denny Walling,382,54,594,227,9,119,12,294,N,13,2133,W,58,41,287
 -Dave Concepcion,311,42,2198,690,10,81,17,909,N,3,8247,W,30,100,950
 -Larry Sheets,338,42,185,50,0,92,3,112,A,18,682,E,60,36,88
 -Chet Lemon,403,45,1429,526,5,101,12,666,A,12,5150,E,53,166,747
 -Mike Davis,489,77,549,153,9,131,7,263,A,19,2051,W,55,62,300
 -Paul Molitor,437,62,1203,364,15,123,9,390,A,9,4139,E,55,79,676
 -Rafael Belliard,309,33,82,26,12,72,5,32,N,0,354,E,31,0,41
 -Dale Sveum,317,35,78,32,26,78,1,35,A,7,317,E,35,7,35
 -Lonnie Smith,508,80,915,326,9,146,9,289,A,8,3148,W,44,41,571
 -Shawon Dunston,581,66,210,40,32,145,2,86,N,17,831,E,68,21,106
 -Rafael Ramirez,496,57,882,165,29,119,7,280,N,8,3358,W,33,36,365
 -Carmelo Martinez,244,28,333,194,2,58,4,179,N,9,1335,W,25,49,164
 -Carlton Fisk,457,42,1767,619,4,101,17,977,A,14,6521,W,63,281,1003
 -Jerry Royster,257,31,979,382,14,NA,14,324,N,5,3910,W,26,33,518
 -Juan Bonilla,284,33,361,111,5,69,5,98,A,1,1407,E,18,6,139
 -Darren Daulton,138,18,53,55,4,31,3,32,NA,8,244,E,21,12,33
 -Bill Buckner,629,73,2464,402,14,168,18,1072,A,18,8424,E,102,164,1008
 -Eddie Milner,424,70,544,258,3,110,7,174,N,15,2130,W,47,38,335
 -Harold Baines,570,72,1077,NA,5,169,7,589,A,21,3754,W,88,140,492
 -Billy Hatcher,419,55,149,31,4,108,3,46,N,6,591,W,36,8,80
 -Mike Aldrete,216,27,54,33,1,54,1,25,N,2,216,W,25,2,27
 -Julio Cruz,209,38,NA,478,5,45,10,279,A,0,3859,W,19,23,557
 -Mickey Hatcher,317,40,715,118,4,88,8,270,A,3,2543,W,32,28,269
 -Harold Reynolds,445,46,129,48,16,99,4,31,A,1,618,W,24,1,72
 -Franklin Stubbs,420,55,139,61,7,95,3,77,N,23,646,W,58,31,77
 -Greg Gagne,472,63,187,50,26,118,4,80,A,12,793,W,54,14,102
 -Billy Beane,183,20,42,11,0,39,3,16,A,3,NA,W,15,3,20
 -Ron Kittle,376,42,408,157,0,82,5,NA,A,21,1770,W,60,115,238
 -Jim Presley,616,83,377,82,15,163,3,227,A,27,1437,W,107,65,181
 -Danny Heep,195,24,338,153,1,55,8,149,N,5,1313,E,33,25,144
 -Mookie Wilson,381,61,834,168,5,110,7,249,N,9,3015,E,45,40,451
 -Herm Winningham,185,23,125,47,2,40,3,37,N,4,524,E,11,7,58
 -John Moses,399,56,167,54,3,102,5,48,A,3,670,W,34,4,89
 -Bob Boone,22,4,26,3,11,10,6,9,A,1,84,W,2,2,9
 -Phil Garner,313,43,1543,535,23,83,14,714,N,9,5885,W,NA,104,751
 -Wade Boggs,580,107,978,417,19,207,5,322,A,8,2778,E,71,32,474
 -Bo Diaz,474,50,604,166,13,129,10,327,N,10,2331,W,56,61,246
 -Jack Howell,151,26,68,35,2,41,2,39,A,4,288,W,21,9,45
 -Mel Hall,442,68,398,136,7,131,6,203,A,18,1416,E,77,47,210
 -Ron Hassey,341,45,658,274,4,110,9,322,A,9,2331,E,49,50,249
 -Von Hayes,610,107,753,286,13,186,6,366,N,19,2728,E,98,69,399
 -Buddy Biancalana,190,24,102,39,16,46,5,23,A,2,479,W,8,5,65
 -Greg Walker,282,37,453,138,5,78,5,280,A,13,1649,W,NA,73,211
 -Kirk Gibson,441,84,750,309,2,118,8,420,A,28,2723,E,86,126,433
 -Dave Henderson,388,59,555,186,4,103,6,274,A,15,2174,W,NA,80,285
 -Jose Cruz,479,48,2147,854,4,133,17,1032,N,10,7472,W,72,153,980
 -Marty Barrett,625,94,476,166,14,179,5,163,A,4,1696,E,60,12,216
 -Scott Fletcher,530,82,426,163,15,159,6,149,A,3,1619,W,50,11,218
 -Dick Schofield,458,67,298,122,18,114,4,123,A,13,1350,W,57,28,160
 -Glenn Davis,574,91,260,95,11,152,3,173,N,31,985,W,101,53,148
 -Willie McGee,497,65,806,138,3,127,5,311,N,7,2703,E,48,32,379
 -Butch Wynegar,194,19,1069,608,2,40,11,493,A,7,4183,E,29,64,486
 -Ernie Whitt,395,48,571,248,7,106,NA,323,A,16,2303,E,56,86,266
 -Curt Wilkerson,236,27,270,57,13,56,4,64,A,0,1115,W,15,1,116
 -Daryl Boston,199,29,120,39,5,53,3,40,A,5,514,W,22,8,57
 -Randy Kutcher,186,28,44,11,1,44,1,16,N,7,186,W,16,7,28
 -Jose Canseco,600,85,173,69,14,144,2,130,A,33,696,W,117,38,101
 -Scott Bradley,220,20,80,15,3,66,3,31,A,5,290,W,28,5,27
 -Pat Tabler,473,61,566,178,9,154,6,252,A,6,1966,E,48,29,250
 -Jody Davis,528,61,671,226,8,132,6,383,N,21,2641,E,74,97,273
